{"cameraMode":{"drawMode":0,"name":"Shaded","section":"Shading Mode"},"sceneLighting":true,"audioPlay":false,"sceneViewState":{"showFog":true,"showMaterialUpdate":false,"showSkybox":true,"showFlares":true,"showImageEffects":true,"showParticleSystems":true,"showVisualEffectGraphs":true,"m_FxEnabled":true},"in2DMode":false,"pivot":{"x":-0.009494885802268982,"y":0.2697019577026367,"z":-0.44256794452667239},"rotation":{"x":-0.0012897696578875185,"y":0.9740358591079712,"z":-0.2263280600309372,"w":-0.005550835747271776},"size":1.3050694465637208,"orthographic":false}