{"cameraMode":{"drawMode":0,"name":"Shaded","section":"Shading Mode"},"sceneLighting":false,"audioPlay":false,"sceneViewState":{"showFog":true,"showMaterialUpdate":false,"showSkybox":false,"showFlares":true,"showImageEffects":true,"showParticleSystems":true,"showVisualEffectGraphs":true,"m_FxEnabled":true},"in2DMode":false,"pivot":{"x":5.313457012176514,"y":1.571568489074707,"z":0.23749446868896485},"rotation":{"x":-0.0012897696578875185,"y":0.9740358591079712,"z":-0.2263280600309372,"w":-0.005550835747271776},"size":2.9026708602905275,"orthographic":false}